name,source,gender,wikidata,type
"Allée Masse Panier",,,,way
"Allée Paul Cézanne",,,,way
"Allée de la Collinette",,,,way
"Allée des Blaches",,,,way
"Allée des Cerisiers",,,,way
"Avenue Jean Rabot",,,,way
"Avenue des 3 Becs",,,,way
"Avenue des Arbres Écrits",,,,way
"Avenue du Village en Bois",,,,way
"Boulevard du 6 Juin 1944",,,,way
"Château Gaillard",,,,way
"Chemin d'Arbelet",,,,way
"Chemin de Beauchouse",,,,way
"Chemin de Chanterenard",,,,way
"Chemin de Chauffonde",,,,way
"Chemin de Chaufonde",,,,way
"Chemin de Costadon",,,,way
"Chemin de Crest",,,,way
"Chemin de Crête",,,,way
"Chemin de Divajeu",,,,way
"Chemin de Graignes",,,,way
"Chemin de Gueymene",,,,way
"Chemin de Leyronnat",,,,way
"Chemin de Mazorel",,,,way
"Chemin de Parquet",,,,way
"Chemin de Peyrambert",,,,way
"Chemin de Pierrefeu",,,,way
"Chemin de Rostagnon",,,,way
"Chemin de Saleine",,,,way
"Chemin de Serre-Rond",,,,way
"Chemin de Sylvestre",,,,way
"Chemin de l'Os de Gras",,,,way
"Chemin de la Chevalerie",,,,way
"Chemin de la Colline",,,,way
"Chemin de la Digue de Mazorel",,,,way
"Chemin de la Plaine",,,,way
"Chemin de la Tuillerie",,,,way
"Chemin des Acacias",,,,way
"Chemin des Arras",,,,way
"Chemin des Blaches",,,,way
"Chemin des Centimes",,,,way
"Chemin des Chanaux",,,,way
"Chemin des Chantres",,,,way
"Chemin des Cigales",,,,way
"Chemin des Gardettes",,,,way
"Chemin des Limites",,,,way
"Chemin des Montchauds",,,,way
"Chemin des Pivoines",,,,way
"Chemin des Plantas",,,,way
"Chemin des Prisonniers",,,,way
"Chemin des Remparts",,,,way
"Chemin des Romarins",,,,way
"Chemin des Rostagnon",,,,way
"Chemin des Sérérés",,,,way
"Chemin des Sétérées",,,,way
"Chemin des Taillas",,,,way
"Chemin du Donjon",,,,way
"Chemin du Grand-Saint-Jean",,,,way
"Chemin du Haut Divajeu",,,,way
"Chemin du Haut Mazorel",,,,way
"Chemin du Plateau",,,,way
"Chemin du Village en Bois",,,,way
"Chemins des Basses Sétérées",,,,way
"Chemins des Moyennes Sétérées",,,,way
"Cours de Joubernon",,,,way
"Escalier des Cordeliers",,,,way
"Impasse Chabrière",,,,way
"Impasse Martelle",,,,way
"Impasse de Berend",,,,way
"Impasse de Peyrambert",,,,way
"Impasse de Pierrefeu",,,,way
"Impasse de la Chevalerie",,,,way
"Impasse de la Plaine",,,,way
"Impasse des Amandiers",,,,way
"Impasse des Aubépines",,,,way
"Impasse des Auberts",,,,way
"Impasse des Cèdres",,,,way
"Impasse des Mines",,,,way
"Impasse des Noisetiers",,,,way
"Impasse des Peupliers",,,,way
"Impasse des Poitiers",,,,way
"Impasse des Sétérées",,,,way
"Impasse du Puits Neuf",,,,way
"La Colline",,,,way
"La Vélo Drôme",,,,way
"Le Clos Saint-Antoine",,,,way
"Les Chanaux",,,,way
"Montée de Fontalis",,,,way
"Montée de Guilamont",,,,way
"Montée de Peyrambert",,,,way
"Montée de la Barbéyère",,,,way
"Montée de la Chevalerie",,,,way
"Montée des Cordeliers",,,,way
"Montée des Gardettes",,,,way
"Montée des Pénitents",,,,way
"Place Docteur Rozier",,,,way
"Place de la Liberté",,,,way
"Place des Moulins",,,,way
"Place des Tilleuls",,,,way
"Place du Temple",,,,way
"Pont Frédéric Mistral",,,,way
"Pont en bois",,,,way
"Quai Berangier de la Blache",,,,way
"Quai Pied Gai",,,,way
"Quai Soubeyran",,,,way
"Quai de Verdun",,,,way
"Quai des marronniers",,,,way
"Quartier des Taillas",,,,way
"Rostagnon Sud",,,,way
"Route de Chomeane Ouest",,,,way
"Route de Cobonne",,,,way
"Route de Die",,,,way
"Route de Grâne",,,,way
"Route de Guillaumont",,,,way
"Route de Malastre",,,,way
"Route de Montélimar",,,,way
"Route de Peygriset",,,,way
"Route de Peyrambert",,,,way
"Route de Saraillon",,,,way
"Route des Sétérées",,,,way
"Routes des Blaches",,,,way
"Rue Carcavel",,,,way
"Rue Chantebise",,,,way
"Rue Côte Chaude",,,,way
"Rue Courre Commère",,,,way
"Rue Crévecol",,,,way
"Rue Grenette",,,,way
"Rue Martelle",,,,way
"Rue Neuve Moutiers",,,,way
"Rue Paramente",,,,way
"Rue Peyrière",,,,way
"Rue Porte-Aiguière",,,,way
"Rue Roderie",,,,way
"Rue de Cromer",,,,way
"Rue de Nidda",,,,way
"Rue de Ponte San Nicolo",,,,way
"Rue de Saboury",,,,way
"Rue de l'Arnage",,,,way
"Rue de l'Hôpital",,,,way
"Rue de l'Hoste",,,,way
"Rue de l'Hôtel de Ville",,,,way
"Rue de la Calade",,,,way
"Rue de la Carrière",,,,way
"Rue de la Glacière",,,,way
"Rue de la République",,,,way
"Rue de la Tour",,,,way
"Rue de la Trinité",,,,way
"Rue des 3 Capitaines",,,,way
"Rue des Alpes",,,,way
"Rue des Anciens Combattants d'Outre-Mer",,,,way
"Rue des Angles",,,,way
"Rue des Auberts",,,,way
"Rue des Boucheries",,,,way
"Rue des Chapeliers",,,,way
"Rue des Cordeliers",,,,way
"Rue des Cuiretteries",,,,way
"Rue des Cyprès",,,,way
"Rue des Écoles",,,,way
"Rue des Jardins",,,,way
"Rue des Lavandins",,,,way
"Rue des Lilas",,,,way
"Rue des Oullières",,,,way
"Rue des Porterons",,,,way
"Rue des Religieuses Trinitaires",,,,way
"Rue des Roses",,,,way
"Rue des Teinturiers",,,,way
"Rue des Vieilles Prisons",,,,way
"Rue du 19 Mars 1962",,,,way
"Rue du 8 Mai 1945",,,,relation
"Rue du Clocher",,,,way
"Rue du Fer à Cheval",,,,way
"Rue du Four",,,,way
"Rue du Lieutenant Michel Prunet",,,,way
"Rue du Pied Gai",,,,way
"Rue du Pin Argenté",,,,way
"Rue du Pin Douglas",,,,way
"Rue du Puits Neuf",,,,way
"Rue du Rocher",,,,way
"Rue du Temple",,,,way
"Rue du Vieux Gouvernement",,,,way
"Terrain Moto Cross de Crest",,,,way
